Institute,Branch Name,Quota,Category,Seat Pool,Opening Rank,Closing Rank,Round No,State
Technological University Dublin (City),Bachelor of Science (Honours) in Accounting ,HS,SC,Female-Only,401,625,7,Dublin
Technological University Dublin (City),Bachelor of Science (Honours) in Analytical Chemistry (Environmental Forensic and Pharmaceutical),HS,SC,Female-Only,402,625,7,Dublin
Technological University Dublin (City),Bachelor of Science (Honours) in Biomedical & Molecular Diagnostics,HS,SC,Female-Only,530,625,7,Dublin
Technological University Dublin (City),Bachelor of Science (Honours) in Business & Law,HS,SC,Female-Only,475,625,7,Dublin
Technological University Dublin (City), Bachelor of Science (Honours) in Chemical Sciences with Medicinal Chemistry,HS,SC,Female-Only,454,625,7,Dublin
Technological University Dublin (City),Bachelor of Science (Honours) in Computer Science,HS,SC,Female-Only,485,625,7,Dublin
Technological University Dublin (City),Bachelor of Engineering (Honours) in Electrical & Electronic / Computer & Communications Engineering (Apply - Advanced Entry),HS,SC,Female-Only,530,625,7,Dublin
Technological University Dublin (City), Bachelor of Science (Honours) in Electrical Services & Energy Management,HS,SC,Female-Only,318,625,7,Dublin
Technological University Dublin (City),Bachelor of Arts (Honours) in Game Design,HS,SC,Female-Only,468,625,7,Dublin
Technological University Dublin (City),Bachelor of Science (Honours) in International Hospitality Management,OS,SC,Female-Only,251,625,7,Dublin
Technological University Dublin (City),Bachelor of Science (Honours) in Biomedical Science,OS,SC,Female-Only,544,625,7,Dublin
Technological University Dublin (City),Bachelor of Science (Honours) in Physics Technology,OS,SC,Female-Only,307,625,7,Dublin
Technological University Dublin (Tallaght),Bachelor of Business (Honours) in Accounting and Finance,OS,SC,Female-Only,255,625,7,Dublin
Technological University Dublin (Tallaght),Bachelor of Arts (Honours) in Advertising and Marketing Communications ,OS,SC,Female-Only,209,625,7,Dublin
Technological University Dublin (Tallaght),Bachelor of Science (Honours) in Computing with Data Analytics,OS,SC,Female-Only,254,625,7,Dublin
Technological University Dublin (Tallaght),Higher Certificate in Business,OS,SC,Female-Only,180,625,7,Dublin
Technological University Dublin (Tallaght),Bachelor of Business in Marketing ,OS,SC,Female-Only,250,625,7,Dublin
Technological University Dublin (Tallaght),Bachelor of Science (Honours) in DNA and Forensic Science,OS,SC,Female-Only,462,625,7,Dublin
Technological University Dublin (Tallaght), Bachelor of Arts (Hons) in Digital Marketing Technologies,OS,SC,Female-Only,227,625,7,Dublin
Technological University Dublin (Tallaght),Bachelor of Engineering (Honours) in Electronic Engineering / Engineering Software,OS,SC,Female-Only,350,625,7,Dublin
Technological University Dublin (Tallaght), Bachelor of Business (Honours) International Business,OS,SC,Female-Only,337,625,7,Dublin
Technological University Dublin (Tallaght),Bachelor of Engineering (Honours) in Automation / Biomedical Design / Mechanical Engineering / Sustainable Energy Engineering,OS,SC,Female-Only,301,625,7,Dublin
Technological University Dublin (Tallaght),Bachelor of Science in Pharmaceutical Science,OS,SC,Female-Only,431,625,7,Dublin
Technological University Dublin (Blanchardstown),Bachelor of Business in Accounting and Finance,OS,SC,Female-Only,232,625,7,Dublin
Technological University Dublin (Blanchardstown),Bachelor of Business (allowing later specialisation in Business or Business with a Language or Business with Information Technology),OS,SC,Female-Only,270,625,7,Dublin
Technological University Dublin (Blanchardstown), Bachelor of Business (Honours) in Information Technology,OS,SC,Female-Only,265,625,7,Dublin
Technological University Dublin (Blanchardstown),Bachelor of Arts in Community and Youth Development,OS,SC,Female-Only,280,625,7,Dublin
Technological University Dublin (Blanchardstown),Bachelor of Engineering (Honours) in Computer Engineering in Mobile Systems,OS,SC,Female-Only,270,625,7,Dublin
Technological University Dublin (Blanchardstown),Bachelor of Science (Honours) in Computing in Digital Forensics & Cyber Security,OS,SC,Female-Only,285,625,7,Dublin
Technological University Dublin (Blanchardstown),Higher Certificate in Science in Computing in Networking Technologies,OS,SC,Female-Only,400,625,7,Dublin
Technological University Dublin (Blanchardstown), Bachelor of Science (Honours) in Computing in Digital Forensics and Cyber Security,OS,SC,Female-Only,300,625,7,Dublin
Technological University Dublin (Blanchardstown),"Bachelor of Science (Honours) in Design, Technology & Innovation",OS,SC,Female-Only,281,625,7,Dublin
Technological University Dublin (Blanchardstown),Bachelor of Business (allowing later specialisation in Business or Business with a Language or Business with Information Technology),OS,SC,Female-Only,270,625,7,Dublin
Technological University Dublin (Blanchardstown),Bachelor of Engineering (Honours) in Mechatronic Engineering,OS,SC,Female-Only,272,625,7,Dublin
Technological University Dublin (Blanchardstown), Bachelor of Science in Process Instrumentation & Automation,OS,SC,Female-Only,381,625,7,Dublin
Griffith College Dublin,Certificate in Animation,OS,SC,Female-Only,272,625,7,Dublin
Griffith College Dublin,BA (Hons) in Audio and Music Technology,OS,SC,Female-Only,285,625,7,Dublin
Griffith College Dublin,BSc (Hons) in Computing Science,OS,SC,Female-Only,300,625,7,Dublin
Griffith College Dublin,BA (Hons) in Counselling & Psychotherapy,OS,SC,Female-Only,350,625,7,Dublin
Griffith College Dublin,BA (Hons) in Graphic Communication Design,OS,SC,Female-Only,362,625,7,Dublin
Griffith College Dublin,Certificate in Intelligent Technologies in Procurement and Supply Chain 4.0,OS,SC,Female-Only,400,625,7,Dublin
Griffith College Dublin,Certificate in Industrial Manufacturing and Maintenance Skills,OS,SC,Female-Only,350,625,7,Dublin
Griffith College Dublin,Bachelor of Engineering in Industrial and Systems Engineering (B.Eng.),OS,SC,Female-Only,400,625,7,Dublin
Griffith College Dublin,BA (Hons) In Pharmaceutical Business Operations,OS,SC,Female-Only,385,625,7,Dublin
Griffith College Dublin,BA (Hons) in Music Production,OS,SC,Female-Only,350,625,7,Dublin
Griffith College Dublin,BA (Hons) in Procurement and Supply Chain Management,OS,SC,Female-Only,300,625,7,Dublin
