﻿web-scraper-order,web-scraper-start-url,course_name,course_duration,type_of_study,part_time_full_time,ielts_score,application_deadline,fees
"1667478741-953","https://collegedunia.com/ireland/college/728-royal-college-of-surgeons---ireland-dublin/programs#","Bachelor Medicine","6 years","null","Full Time","6.5","05 Jan, 2022","INR 49.8 L/Yr"
"1667478741-954","https://collegedunia.com/ireland/college/728-royal-college-of-surgeons---ireland-dublin/programs#","Master of Engineering [M.Eng] Digital Health and Medical Technologies","1 year","null","Full Time","6.5","null","INR 12.9 L/Yr"
"1667478741-955","https://collegedunia.com/ireland/college/728-royal-college-of-surgeons---ireland-dublin/programs#","Master of Science [M.Sc] Neurology and Gerontology","2 years","null","Full Time","6.5","null","INR 12.1 L/Yr"
"1667478741-956","https://collegedunia.com/ireland/college/728-royal-college-of-surgeons---ireland-dublin/programs#","Master of Science [M.Sc] Healthcare Ethics and Law","2 years","On Campus","Part Time","6.5","null","INR 3.7 L/Yr"
"1667478741-957","https://collegedunia.com/ireland/college/728-royal-college-of-surgeons---ireland-dublin/programs#","Bachelor Pharmacy","5 years","null","Full Time","6.5","05 Jan, 2022","INR 16.6 L/Yr"
"1667478741-958","https://collegedunia.com/ireland/college/728-royal-college-of-surgeons---ireland-dublin/programs#","Bachelor of Science [B.S] Physiotherapy","4 years","null","Full Time","6.5","05 Jan, 2022","INR 16.6 L/Yr"
"1667478741-959","https://collegedunia.com/ireland/college/728-royal-college-of-surgeons---ireland-dublin/programs#","Master Pharmacy","5 years","null","Full Time","6.5","null","null"
"1667478741-960","https://collegedunia.com/ireland/college/728-royal-college-of-surgeons---ireland-dublin/programs#","Master of Science [M.Sc] Research","1 year","null","Full Time","6.5","null","INR 12.1 L/Yr"
